video_id,label
01781.mp4,mosh pit dancing
01005.mp4,dancing gangnam style
00305.mp4,breakdancing
01385.mp4,dancing macarena
00493.mp4,country line dancing
02033.mp4,salsa dancing
01817.mp4,robot dancing
01143.mp4,dancing gangnam style
00233.mp4,breakdancing
02999.mp4,tap dancing
00644.mp4,dancing ballet
02381.mp4,square dancing
01755.mp4,mosh pit dancing
02108.mp4,salsa dancing
01906.mp4,robot dancing
02326.mp4,square dancing
02399.mp4,square dancing
01063.mp4,dancing gangnam style
00122.mp4,belly dancing
00372.mp4,breakdancing
01558.mp4,jumpstyle dancing
00547.mp4,country line dancing
01511.mp4,jumpstyle dancing
00039.mp4,belly dancing
00805.mp4,dancing charleston
02504.mp4,swing dancing
00476.mp4,country line dancing
00362.mp4,breakdancing
00417.mp4,country line dancing
00236.mp4,breakdancing
00373.mp4,breakdancing
02318.mp4,square dancing
01919.mp4,robot dancing
00163.mp4,belly dancing
00583.mp4,country line dancing
02584.mp4,swing dancing
01065.mp4,dancing gangnam style
01152.mp4,dancing gangnam style
02644.mp4,tango dancing
00566.mp4,country line dancing
01027.mp4,dancing gangnam style
00107.mp4,belly dancing
02823.mp4,tap dancing
00658.mp4,dancing ballet
02208.mp4,square dancing
02559.mp4,swing dancing
02865.mp4,tap dancing
01551.mp4,jumpstyle dancing
02508.mp4,swing dancing
00020.mp4,belly dancing
02103.mp4,salsa dancing
02581.mp4,swing dancing
02155.mp4,salsa dancing
02340.mp4,square dancing
00027.mp4,belly dancing
01629.mp4,mosh pit dancing
01432.mp4,jumpstyle dancing
01811.mp4,robot dancing
00177.mp4,belly dancing
00850.mp4,dancing charleston
01971.mp4,robot dancing
01042.mp4,dancing gangnam style
00938.mp4,dancing charleston
02395.mp4,square dancing
00545.mp4,country line dancing
02074.mp4,salsa dancing
01928.mp4,robot dancing
00708.mp4,dancing ballet
02820.mp4,tap dancing
02191.mp4,salsa dancing
02722.mp4,tango dancing
01279.mp4,dancing macarena
02162.mp4,salsa dancing
00332.mp4,breakdancing
02048.mp4,salsa dancing
02319.mp4,square dancing
02927.mp4,tap dancing
00024.mp4,belly dancing
02727.mp4,tango dancing
00482.mp4,country line dancing
00134.mp4,belly dancing
00840.mp4,dancing charleston
00638.mp4,dancing ballet
00750.mp4,dancing ballet
02153.mp4,salsa dancing
00877.mp4,dancing charleston
02053.mp4,salsa dancing
02923.mp4,tap dancing
00728.mp4,dancing ballet
02852.mp4,tap dancing
00174.mp4,belly dancing
00056.mp4,belly dancing
02728.mp4,tango dancing
02147.mp4,salsa dancing
00167.mp4,belly dancing
02411.mp4,swing dancing
00266.mp4,breakdancing
00294.mp4,breakdancing
02457.mp4,swing dancing
01769.mp4,mosh pit dancing
02063.mp4,salsa dancing
01132.mp4,dancing gangnam style
00241.mp4,breakdancing
01718.mp4,mosh pit dancing
01486.mp4,jumpstyle dancing
01437.mp4,jumpstyle dancing
00705.mp4,dancing ballet
01670.mp4,mosh pit dancing
02231.mp4,square dancing
02181.mp4,salsa dancing
01312.mp4,dancing macarena
02773.mp4,tango dancing
02548.mp4,swing dancing
02509.mp4,swing dancing
02168.mp4,salsa dancing
00168.mp4,belly dancing
02768.mp4,tango dancing
00481.mp4,country line dancing
01263.mp4,dancing macarena
00514.mp4,country line dancing
01170.mp4,dancing gangnam style
02848.mp4,tap dancing
00007.mp4,belly dancing
00558.mp4,country line dancing
01012.mp4,dancing gangnam style
01613.mp4,mosh pit dancing
00759.mp4,dancing ballet
00345.mp4,breakdancing
02212.mp4,square dancing
00087.mp4,belly dancing
01175.mp4,dancing gangnam style
01642.mp4,mosh pit dancing
01197.mp4,dancing gangnam style
01339.mp4,dancing macarena
00184.mp4,belly dancing
02459.mp4,swing dancing
02427.mp4,swing dancing
00965.mp4,dancing charleston
00996.mp4,dancing charleston
00949.mp4,dancing charleston
01513.mp4,jumpstyle dancing
00008.mp4,belly dancing
02554.mp4,swing dancing
00625.mp4,dancing ballet
02917.mp4,tap dancing
01773.mp4,mosh pit dancing
01008.mp4,dancing gangnam style
01865.mp4,robot dancing
00997.mp4,dancing charleston
02947.mp4,tap dancing
01972.mp4,robot dancing
01786.mp4,mosh pit dancing
01636.mp4,mosh pit dancing
02008.mp4,salsa dancing
01814.mp4,robot dancing
00550.mp4,country line dancing
00350.mp4,breakdancing
00278.mp4,breakdancing
00466.mp4,country line dancing
00738.mp4,dancing ballet
02040.mp4,salsa dancing
00151.mp4,belly dancing
02552.mp4,swing dancing
02973.mp4,tap dancing
00323.mp4,breakdancing
02308.mp4,square dancing
00867.mp4,dancing charleston
00544.mp4,country line dancing
02936.mp4,tap dancing
02632.mp4,tango dancing
00513.mp4,country line dancing
00494.mp4,country line dancing
02233.mp4,square dancing
01387.mp4,dancing macarena
00538.mp4,country line dancing
02528.mp4,swing dancing
02827.mp4,tap dancing
01314.mp4,dancing macarena
02131.mp4,salsa dancing
01201.mp4,dancing macarena
02937.mp4,tap dancing
02114.mp4,salsa dancing
02188.mp4,salsa dancing
02826.mp4,tap dancing
01140.mp4,dancing gangnam style
00371.mp4,breakdancing
02166.mp4,salsa dancing
02967.mp4,tap dancing
01123.mp4,dancing gangnam style
01346.mp4,dancing macarena
01436.mp4,jumpstyle dancing
02172.mp4,salsa dancing
01061.mp4,dancing gangnam style
00684.mp4,dancing ballet
01698.mp4,mosh pit dancing
01722.mp4,mosh pit dancing
02741.mp4,tango dancing
01991.mp4,robot dancing
02698.mp4,tango dancing
01931.mp4,robot dancing
02891.mp4,tap dancing
02011.mp4,salsa dancing
00699.mp4,dancing ballet
01444.mp4,jumpstyle dancing
01196.mp4,dancing gangnam style
00001.mp4,belly dancing
00286.mp4,breakdancing
00179.mp4,belly dancing
00329.mp4,breakdancing
00339.mp4,breakdancing
01816.mp4,robot dancing
01509.mp4,jumpstyle dancing
00438.mp4,country line dancing
00497.mp4,country line dancing
02458.mp4,swing dancing
01122.mp4,dancing gangnam style
01477.mp4,jumpstyle dancing
02106.mp4,salsa dancing
01899.mp4,robot dancing
00106.mp4,belly dancing
01674.mp4,mosh pit dancing
02870.mp4,tap dancing
00783.mp4,dancing ballet
01135.mp4,dancing gangnam style
01055.mp4,dancing gangnam style
01504.mp4,jumpstyle dancing
02843.mp4,tap dancing
01166.mp4,dancing gangnam style
00630.mp4,dancing ballet
01390.mp4,dancing macarena
02491.mp4,swing dancing
00856.mp4,dancing charleston
00262.mp4,breakdancing
00162.mp4,belly dancing
02129.mp4,salsa dancing
02890.mp4,tap dancing
02339.mp4,square dancing
02099.mp4,salsa dancing
00109.mp4,belly dancing
00911.mp4,dancing charleston
02176.mp4,salsa dancing
01951.mp4,robot dancing
01000.mp4,dancing gangnam style
00634.mp4,dancing ballet
00491.mp4,country line dancing
02007.mp4,salsa dancing
00871.mp4,dancing charleston
00363.mp4,breakdancing
00405.mp4,country line dancing
02027.mp4,salsa dancing
02958.mp4,tap dancing
00838.mp4,dancing charleston
01562.mp4,jumpstyle dancing
00041.mp4,belly dancing
02169.mp4,salsa dancing
00694.mp4,dancing ballet
02909.mp4,tap dancing
01026.mp4,dancing gangnam style
00019.mp4,belly dancing
02530.mp4,swing dancing
00518.mp4,country line dancing
00483.mp4,country line dancing
02868.mp4,tap dancing
01758.mp4,mosh pit dancing
02578.mp4,swing dancing
01760.mp4,mosh pit dancing
01257.mp4,dancing macarena
01281.mp4,dancing macarena
02608.mp4,tango dancing
02525.mp4,swing dancing
00668.mp4,dancing ballet
01712.mp4,mosh pit dancing
02613.mp4,tango dancing
02113.mp4,salsa dancing
02322.mp4,square dancing
02375.mp4,square dancing
00818.mp4,dancing charleston
02856.mp4,tap dancing
01033.mp4,dancing gangnam style
01429.mp4,jumpstyle dancing
01146.mp4,dancing gangnam style
02585.mp4,swing dancing
02934.mp4,tap dancing
00952.mp4,dancing charleston
00064.mp4,belly dancing
00190.mp4,belly dancing
01673.mp4,mosh pit dancing
01380.mp4,dancing macarena
01190.mp4,dancing gangnam style
02218.mp4,square dancing
01498.mp4,jumpstyle dancing
01997.mp4,robot dancing
00968.mp4,dancing charleston
02336.mp4,square dancing
01618.mp4,mosh pit dancing
00423.mp4,country line dancing
02234.mp4,square dancing
01766.mp4,mosh pit dancing
01794.mp4,mosh pit dancing
01541.mp4,jumpstyle dancing
00091.mp4,belly dancing
00379.mp4,breakdancing
02801.mp4,tap dancing
02796.mp4,tango dancing
01863.mp4,robot dancing
02323.mp4,square dancing
00187.mp4,belly dancing
02695.mp4,tango dancing
01308.mp4,dancing macarena
00219.mp4,breakdancing
02799.mp4,tango dancing
01106.mp4,dancing gangnam style
00869.mp4,dancing charleston
01659.mp4,mosh pit dancing
00779.mp4,dancing ballet
02887.mp4,tap dancing
00686.mp4,dancing ballet
00958.mp4,dancing charleston
01447.mp4,jumpstyle dancing
01936.mp4,robot dancing
01941.mp4,robot dancing
01728.mp4,mosh pit dancing
02385.mp4,square dancing
02705.mp4,tango dancing
01672.mp4,mosh pit dancing
02513.mp4,swing dancing
01492.mp4,jumpstyle dancing
01533.mp4,jumpstyle dancing
01189.mp4,dancing gangnam style
02929.mp4,tap dancing
02072.mp4,salsa dancing
01976.mp4,robot dancing
01554.mp4,jumpstyle dancing
01474.mp4,jumpstyle dancing
00889.mp4,dancing charleston
00192.mp4,belly dancing
00572.mp4,country line dancing
01789.mp4,mosh pit dancing
00444.mp4,country line dancing
00507.mp4,country line dancing
01435.mp4,jumpstyle dancing
00059.mp4,belly dancing
01556.mp4,jumpstyle dancing
02077.mp4,salsa dancing
02296.mp4,square dancing
00270.mp4,breakdancing
01628.mp4,mosh pit dancing
01954.mp4,robot dancing
01506.mp4,jumpstyle dancing
00393.mp4,breakdancing
01220.mp4,dancing macarena
01141.mp4,dancing gangnam style
02257.mp4,square dancing
01425.mp4,jumpstyle dancing
02349.mp4,square dancing
02980.mp4,tap dancing
01826.mp4,robot dancing
00195.mp4,belly dancing
01223.mp4,dancing macarena
00089.mp4,belly dancing
02788.mp4,tango dancing
02248.mp4,square dancing
01317.mp4,dancing macarena
02867.mp4,tap dancing
02109.mp4,salsa dancing
00745.mp4,dancing ballet
02583.mp4,swing dancing
00392.mp4,breakdancing
02858.mp4,tap dancing
00116.mp4,belly dancing
01028.mp4,dancing gangnam style
02911.mp4,tap dancing
02983.mp4,tap dancing
01125.mp4,dancing gangnam style
02652.mp4,tango dancing
00124.mp4,belly dancing
01117.mp4,dancing gangnam style
02495.mp4,swing dancing
01009.mp4,dancing gangnam style
02083.mp4,salsa dancing
01757.mp4,mosh pit dancing
01416.mp4,jumpstyle dancing
02255.mp4,square dancing
02276.mp4,square dancing
01880.mp4,robot dancing
02221.mp4,square dancing
00430.mp4,country line dancing
02036.mp4,salsa dancing
01418.mp4,jumpstyle dancing
00042.mp4,belly dancing
00891.mp4,dancing charleston
00960.mp4,dancing charleston
02751.mp4,tango dancing
00176.mp4,belly dancing
02093.mp4,salsa dancing
01747.mp4,mosh pit dancing
00281.mp4,breakdancing
00246.mp4,breakdancing
02150.mp4,salsa dancing
01096.mp4,dancing gangnam style
01072.mp4,dancing gangnam style
01959.mp4,robot dancing
02066.mp4,salsa dancing
00520.mp4,country line dancing
02261.mp4,square dancing
01119.mp4,dancing gangnam style
02924.mp4,tap dancing
01217.mp4,dancing macarena
00352.mp4,breakdancing
02596.mp4,swing dancing
02338.mp4,square dancing
01605.mp4,mosh pit dancing
00590.mp4,country line dancing
01692.mp4,mosh pit dancing
02607.mp4,tango dancing
01729.mp4,mosh pit dancing
00325.mp4,breakdancing
00565.mp4,country line dancing
00082.mp4,belly dancing
00610.mp4,dancing ballet
01198.mp4,dancing gangnam style
00257.mp4,breakdancing
02213.mp4,square dancing
00606.mp4,dancing ballet
02351.mp4,square dancing
01107.mp4,dancing gangnam style
01582.mp4,jumpstyle dancing
00650.mp4,dancing ballet
00271.mp4,breakdancing
02383.mp4,square dancing
02735.mp4,tango dancing
01703.mp4,mosh pit dancing
02541.mp4,swing dancing
02365.mp4,square dancing
02729.mp4,tango dancing
00086.mp4,belly dancing
01414.mp4,jumpstyle dancing
01841.mp4,robot dancing
00695.mp4,dancing ballet
01559.mp4,jumpstyle dancing
00253.mp4,breakdancing
00747.mp4,dancing ballet
01993.mp4,robot dancing
01957.mp4,robot dancing
02160.mp4,salsa dancing
00103.mp4,belly dancing
01468.mp4,jumpstyle dancing
00011.mp4,belly dancing
02360.mp4,square dancing
00210.mp4,breakdancing
02471.mp4,swing dancing
01843.mp4,robot dancing
02386.mp4,square dancing
00380.mp4,breakdancing
00487.mp4,country line dancing
02067.mp4,salsa dancing
00472.mp4,country line dancing
01842.mp4,robot dancing
00304.mp4,breakdancing
01267.mp4,dancing macarena
00954.mp4,dancing charleston
02084.mp4,salsa dancing
00028.mp4,belly dancing
02387.mp4,square dancing
02550.mp4,swing dancing
02151.mp4,salsa dancing
02605.mp4,tango dancing
01588.mp4,jumpstyle dancing
00410.mp4,country line dancing
01571.mp4,jumpstyle dancing
02912.mp4,tap dancing
02749.mp4,tango dancing
00876.mp4,dancing charleston
01499.mp4,jumpstyle dancing
00149.mp4,belly dancing
01882.mp4,robot dancing
01881.mp4,robot dancing
01738.mp4,mosh pit dancing
00635.mp4,dancing ballet
02720.mp4,tango dancing
00063.mp4,belly dancing
02104.mp4,salsa dancing
01177.mp4,dancing gangnam style
02412.mp4,swing dancing
01710.mp4,mosh pit dancing
02880.mp4,tap dancing
01095.mp4,dancing gangnam style
02450.mp4,swing dancing
02586.mp4,swing dancing
02235.mp4,square dancing
00321.mp4,breakdancing
01733.mp4,mosh pit dancing
00108.mp4,belly dancing
01064.mp4,dancing gangnam style
01862.mp4,robot dancing
00501.mp4,country line dancing
02126.mp4,salsa dancing
02794.mp4,tango dancing
00292.mp4,breakdancing
02297.mp4,square dancing
00381.mp4,breakdancing
02220.mp4,square dancing
00378.mp4,breakdancing
01056.mp4,dancing gangnam style
02961.mp4,tap dancing
01593.mp4,jumpstyle dancing
00306.mp4,breakdancing
02534.mp4,swing dancing
00456.mp4,country line dancing
01734.mp4,mosh pit dancing
01631.mp4,mosh pit dancing
02742.mp4,tango dancing
00499.mp4,country line dancing
02989.mp4,tap dancing
02549.mp4,swing dancing
02588.mp4,swing dancing
02252.mp4,square dancing
01431.mp4,jumpstyle dancing
00552.mp4,country line dancing
01584.mp4,jumpstyle dancing
00198.mp4,belly dancing
01467.mp4,jumpstyle dancing
02898.mp4,tap dancing
01150.mp4,dancing gangnam style
01401.mp4,jumpstyle dancing
01768.mp4,mosh pit dancing
01315.mp4,dancing macarena
02527.mp4,swing dancing
01539.mp4,jumpstyle dancing
02003.mp4,salsa dancing
00841.mp4,dancing charleston
01927.mp4,robot dancing
01368.mp4,dancing macarena
02239.mp4,square dancing
01383.mp4,dancing macarena
01587.mp4,jumpstyle dancing
00216.mp4,breakdancing
01742.mp4,mosh pit dancing
01360.mp4,dancing macarena
01731.mp4,mosh pit dancing
01173.mp4,dancing gangnam style
00239.mp4,breakdancing
01194.mp4,dancing gangnam style
00760.mp4,dancing ballet
01274.mp4,dancing macarena
01868.mp4,robot dancing
01022.mp4,dancing gangnam style
02228.mp4,square dancing
00098.mp4,belly dancing
00939.mp4,dancing charleston
00336.mp4,breakdancing
02672.mp4,tango dancing
00685.mp4,dancing ballet
00704.mp4,dancing ballet
00585.mp4,country line dancing
00619.mp4,dancing ballet
02377.mp4,square dancing
02266.mp4,square dancing
01407.mp4,jumpstyle dancing
02736.mp4,tango dancing
02466.mp4,swing dancing
01247.mp4,dancing macarena
01508.mp4,jumpstyle dancing
01428.mp4,jumpstyle dancing
01030.mp4,dancing gangnam style
01589.mp4,jumpstyle dancing
01275.mp4,dancing macarena
00914.mp4,dancing charleston
01035.mp4,dancing gangnam style
00563.mp4,country line dancing
01822.mp4,robot dancing
01121.mp4,dancing gangnam style
00474.mp4,country line dancing
01456.mp4,jumpstyle dancing
01706.mp4,mosh pit dancing
00890.mp4,dancing charleston
02418.mp4,swing dancing
02776.mp4,tango dancing
02716.mp4,tango dancing
00947.mp4,dancing charleston
01831.mp4,robot dancing
00831.mp4,dancing charleston
01475.mp4,jumpstyle dancing
02538.mp4,swing dancing
00492.mp4,country line dancing
01102.mp4,dancing gangnam style
02269.mp4,square dancing
02789.mp4,tango dancing
00692.mp4,dancing ballet
02576.mp4,swing dancing
01465.mp4,jumpstyle dancing
01791.mp4,mosh pit dancing
00636.mp4,dancing ballet
01147.mp4,dancing gangnam style
01744.mp4,mosh pit dancing
02580.mp4,swing dancing
00999.mp4,dancing charleston
01419.mp4,jumpstyle dancing
02138.mp4,salsa dancing
02333.mp4,square dancing
01701.mp4,mosh pit dancing
01476.mp4,jumpstyle dancing
01007.mp4,dancing gangnam style
00781.mp4,dancing ballet
01159.mp4,dancing gangnam style
01577.mp4,jumpstyle dancing
02157.mp4,salsa dancing
01952.mp4,robot dancing
00031.mp4,belly dancing
02931.mp4,tap dancing
02355.mp4,square dancing
01980.mp4,robot dancing
01813.mp4,robot dancing
00431.mp4,country line dancing
01914.mp4,robot dancing
00152.mp4,belly dancing
02869.mp4,tap dancing
00986.mp4,dancing charleston
02469.mp4,swing dancing
02787.mp4,tango dancing
00989.mp4,dancing charleston
01062.mp4,dancing gangnam style
00229.mp4,breakdancing
02662.mp4,tango dancing
02656.mp4,tango dancing
01162.mp4,dancing gangnam style
00710.mp4,dancing ballet
02888.mp4,tap dancing
02551.mp4,swing dancing
01684.mp4,mosh pit dancing
01395.mp4,dancing macarena
02421.mp4,swing dancing
01500.mp4,jumpstyle dancing
00442.mp4,country line dancing
00571.mp4,country line dancing
00632.mp4,dancing ballet
00564.mp4,country line dancing
01211.mp4,dancing macarena
02998.mp4,tap dancing
02602.mp4,tango dancing
02819.mp4,tap dancing
02346.mp4,square dancing
02908.mp4,tap dancing
00083.mp4,belly dancing
02028.mp4,salsa dancing
02215.mp4,square dancing
01268.mp4,dancing macarena
02568.mp4,swing dancing
01160.mp4,dancing gangnam style
01933.mp4,robot dancing
02432.mp4,swing dancing
00752.mp4,dancing ballet
00894.mp4,dancing charleston
02015.mp4,salsa dancing
02903.mp4,tap dancing
02520.mp4,swing dancing
01016.mp4,dancing gangnam style
01626.mp4,mosh pit dancing
02537.mp4,swing dancing
01869.mp4,robot dancing
01084.mp4,dancing gangnam style
01424.mp4,jumpstyle dancing
02050.mp4,salsa dancing
01964.mp4,robot dancing
01397.mp4,dancing macarena
00358.mp4,breakdancing
02358.mp4,square dancing
02617.mp4,tango dancing
00794.mp4,dancing ballet
01708.mp4,mosh pit dancing
00812.mp4,dancing charleston
00826.mp4,dancing charleston
01221.mp4,dancing macarena
02627.mp4,tango dancing
01829.mp4,robot dancing
02035.mp4,salsa dancing
02089.mp4,salsa dancing
00291.mp4,breakdancing
00428.mp4,country line dancing
01262.mp4,dancing macarena
02315.mp4,square dancing
02704.mp4,tango dancing
00852.mp4,dancing charleston
00287.mp4,breakdancing
02241.mp4,square dancing
01260.mp4,dancing macarena
00420.mp4,country line dancing
01723.mp4,mosh pit dancing
02661.mp4,tango dancing
01364.mp4,dancing macarena
01828.mp4,robot dancing
00662.mp4,dancing ballet
00155.mp4,belly dancing
00075.mp4,belly dancing
00865.mp4,dancing charleston
01825.mp4,robot dancing
02159.mp4,salsa dancing
00118.mp4,belly dancing
01047.mp4,dancing gangnam style
01004.mp4,dancing gangnam style
01079.mp4,dancing gangnam style
01069.mp4,dancing gangnam style
00933.mp4,dancing charleston
00845.mp4,dancing charleston
01138.mp4,dancing gangnam style
02560.mp4,swing dancing
02400.mp4,swing dancing
01627.mp4,mosh pit dancing
01932.mp4,robot dancing
00955.mp4,dancing charleston
01920.mp4,robot dancing
02752.mp4,tango dancing
00243.mp4,breakdancing
01236.mp4,dancing macarena
02779.mp4,tango dancing
00573.mp4,country line dancing
00217.mp4,breakdancing
02624.mp4,tango dancing
01067.mp4,dancing gangnam style
00347.mp4,breakdancing
02834.mp4,tap dancing
02403.mp4,swing dancing
02836.mp4,tap dancing
01780.mp4,mosh pit dancing
00892.mp4,dancing charleston
02341.mp4,square dancing
02330.mp4,square dancing
00061.mp4,belly dancing
00973.mp4,dancing charleston
01330.mp4,dancing macarena
01502.mp4,jumpstyle dancing
00844.mp4,dancing charleston
01309.mp4,dancing macarena
00050.mp4,belly dancing
02484.mp4,swing dancing
00814.mp4,dancing charleston
00157.mp4,belly dancing
00053.mp4,belly dancing
01658.mp4,mosh pit dancing
01311.mp4,dancing macarena
00697.mp4,dancing ballet
01569.mp4,jumpstyle dancing
01092.mp4,dancing gangnam style
00288.mp4,breakdancing
02791.mp4,tango dancing
02324.mp4,square dancing
02286.mp4,square dancing
01750.mp4,mosh pit dancing
01405.mp4,jumpstyle dancing
02745.mp4,tango dancing
02645.mp4,tango dancing
00488.mp4,country line dancing
02362.mp4,square dancing
00110.mp4,belly dancing
00374.mp4,breakdancing
00376.mp4,breakdancing
01800.mp4,robot dancing
01265.mp4,dancing macarena
02497.mp4,swing dancing
01886.mp4,robot dancing
00808.mp4,dancing charleston
01068.mp4,dancing gangnam style
00682.mp4,dancing ballet
00300.mp4,breakdancing
02719.mp4,tango dancing
02123.mp4,salsa dancing
02158.mp4,salsa dancing
01382.mp4,dancing macarena
00105.mp4,belly dancing
01725.mp4,mosh pit dancing
01131.mp4,dancing gangnam style
02944.mp4,tap dancing
01060.mp4,dancing gangnam style
00666.mp4,dancing ballet
02798.mp4,tango dancing
01895.mp4,robot dancing
02933.mp4,tap dancing
00836.mp4,dancing charleston
00793.mp4,dancing ballet
02812.mp4,tap dancing
01516.mp4,jumpstyle dancing
02097.mp4,salsa dancing
01748.mp4,mosh pit dancing
00450.mp4,country line dancing
00683.mp4,dancing ballet
01100.mp4,dancing gangnam style
00477.mp4,country line dancing
02754.mp4,tango dancing
01155.mp4,dancing gangnam style
01840.mp4,robot dancing
01695.mp4,mosh pit dancing
00813.mp4,dancing charleston
02960.mp4,tap dancing
02300.mp4,square dancing
01835.mp4,robot dancing
01014.mp4,dancing gangnam style
02642.mp4,tango dancing
02553.mp4,swing dancing
02954.mp4,tap dancing
01271.mp4,dancing macarena
01679.mp4,mosh pit dancing
02309.mp4,square dancing
02845.mp4,tap dancing
00301.mp4,breakdancing
01655.mp4,mosh pit dancing
01003.mp4,dancing gangnam style
00274.mp4,breakdancing
02664.mp4,tango dancing
02564.mp4,swing dancing
02334.mp4,square dancing
01652.mp4,mosh pit dancing
00972.mp4,dancing charleston
00858.mp4,dancing charleston
02855.mp4,tap dancing
02966.mp4,tap dancing
02320.mp4,square dancing
02522.mp4,swing dancing
02997.mp4,tap dancing
01654.mp4,mosh pit dancing
02972.mp4,tap dancing
00748.mp4,dancing ballet
00773.mp4,dancing ballet
01471.mp4,jumpstyle dancing
02314.mp4,square dancing
02039.mp4,salsa dancing
00963.mp4,dancing charleston
00937.mp4,dancing charleston
01845.mp4,robot dancing
00975.mp4,dancing charleston
00913.mp4,dancing charleston
00207.mp4,breakdancing
01111.mp4,dancing gangnam style
01489.mp4,jumpstyle dancing
02926.mp4,tap dancing
01775.mp4,mosh pit dancing
01142.mp4,dancing gangnam style
02573.mp4,swing dancing
01469.mp4,jumpstyle dancing
02556.mp4,swing dancing
00460.mp4,country line dancing
01318.mp4,dancing macarena
00166.mp4,belly dancing
01446.mp4,jumpstyle dancing
02697.mp4,tango dancing
00214.mp4,breakdancing
01950.mp4,robot dancing
00900.mp4,dancing charleston
02572.mp4,swing dancing
01165.mp4,dancing gangnam style
01762.mp4,mosh pit dancing
02609.mp4,tango dancing
00567.mp4,country line dancing
01013.mp4,dancing gangnam style
01751.mp4,mosh pit dancing
01381.mp4,dancing macarena
00830.mp4,dancing charleston
00121.mp4,belly dancing
00674.mp4,dancing ballet
02803.mp4,tap dancing
00621.mp4,dancing ballet
01634.mp4,mosh pit dancing
02202.mp4,square dancing
02969.mp4,tap dancing
01304.mp4,dancing macarena
00130.mp4,belly dancing
02259.mp4,square dancing
01735.mp4,mosh pit dancing
02601.mp4,tango dancing
01255.mp4,dancing macarena
02250.mp4,square dancing
00368.mp4,breakdancing
00164.mp4,belly dancing
02606.mp4,tango dancing
02343.mp4,square dancing
00809.mp4,dancing charleston
01441.mp4,jumpstyle dancing
02517.mp4,swing dancing
00741.mp4,dancing ballet
00180.mp4,belly dancing
00139.mp4,belly dancing
00709.mp4,dancing ballet
02046.mp4,salsa dancing
01753.mp4,mosh pit dancing
01779.mp4,mosh pit dancing
01420.mp4,jumpstyle dancing
00060.mp4,belly dancing
01404.mp4,jumpstyle dancing
01864.mp4,robot dancing
00504.mp4,country line dancing
01528.mp4,jumpstyle dancing
00037.mp4,belly dancing
00468.mp4,country line dancing
01726.mp4,mosh pit dancing
02647.mp4,tango dancing
00617.mp4,dancing ballet
02016.mp4,salsa dancing
01803.mp4,robot dancing
00400.mp4,country line dancing
01129.mp4,dancing gangnam style
00896.mp4,dancing charleston
02709.mp4,tango dancing
01077.mp4,dancing gangnam style
00872.mp4,dancing charleston
00090.mp4,belly dancing
02031.mp4,salsa dancing
01259.mp4,dancing macarena
02304.mp4,square dancing
00238.mp4,breakdancing
01206.mp4,dancing macarena
00746.mp4,dancing ballet
00587.mp4,country line dancing
01237.mp4,dancing macarena
02127.mp4,salsa dancing
00120.mp4,belly dancing
00308.mp4,breakdancing
01903.mp4,robot dancing
00716.mp4,dancing ballet
01783.mp4,mosh pit dancing
00413.mp4,country line dancing
02454.mp4,swing dancing
02085.mp4,salsa dancing
00860.mp4,dancing charleston
00407.mp4,country line dancing
01041.mp4,dancing gangnam style
02502.mp4,swing dancing
02813.mp4,tap dancing
01520.mp4,jumpstyle dancing
02152.mp4,salsa dancing
00659.mp4,dancing ballet
01488.mp4,jumpstyle dancing
00133.mp4,belly dancing
01834.mp4,robot dancing
01727.mp4,mosh pit dancing
00102.mp4,belly dancing
00512.mp4,country line dancing
00801.mp4,dancing charleston
02222.mp4,square dancing
01700.mp4,mosh pit dancing
01601.mp4,mosh pit dancing
01660.mp4,mosh pit dancing
00509.mp4,country line dancing
01514.mp4,jumpstyle dancing
00597.mp4,country line dancing
02379.mp4,square dancing
02019.mp4,salsa dancing
02862.mp4,tap dancing
01543.mp4,jumpstyle dancing
02850.mp4,tap dancing
01893.mp4,robot dancing
00614.mp4,dancing ballet
02795.mp4,tango dancing
02597.mp4,swing dancing
01518.mp4,jumpstyle dancing
02310.mp4,square dancing
01883.mp4,robot dancing
00394.mp4,breakdancing
01675.mp4,mosh pit dancing
01472.mp4,jumpstyle dancing
02987.mp4,tap dancing
02278.mp4,square dancing
02831.mp4,tap dancing
00910.mp4,dancing charleston
02088.mp4,salsa dancing
00260.mp4,breakdancing
01889.mp4,robot dancing
01453.mp4,jumpstyle dancing
01782.mp4,mosh pit dancing
00994.mp4,dancing charleston
00043.mp4,belly dancing
00412.mp4,country line dancing
00147.mp4,belly dancing
01619.mp4,mosh pit dancing
02715.mp4,tango dancing
01599.mp4,jumpstyle dancing
02996.mp4,tap dancing
02643.mp4,tango dancing
02378.mp4,square dancing
01118.mp4,dancing gangnam style
00366.mp4,breakdancing
02699.mp4,tango dancing
01687.mp4,mosh pit dancing
01515.mp4,jumpstyle dancing
00411.mp4,country line dancing
01034.mp4,dancing gangnam style
00005.mp4,belly dancing
02447.mp4,swing dancing
02405.mp4,swing dancing
02294.mp4,square dancing
02402.mp4,swing dancing
00862.mp4,dancing charleston
01648.mp4,mosh pit dancing
00314.mp4,breakdancing
01369.mp4,dancing macarena
01653.mp4,mosh pit dancing
01669.mp4,mosh pit dancing
02628.mp4,tango dancing
01199.mp4,dancing gangnam style
02396.mp4,square dancing
02830.mp4,tap dancing
01128.mp4,dancing gangnam style
00906.mp4,dancing charleston
02956.mp4,tap dancing
00475.mp4,country line dancing
02371.mp4,square dancing
01824.mp4,robot dancing
00079.mp4,belly dancing
01082.mp4,dancing gangnam style
00370.mp4,breakdancing
01622.mp4,mosh pit dancing
01846.mp4,robot dancing
01853.mp4,robot dancing
00017.mp4,belly dancing
02977.mp4,tap dancing
02190.mp4,salsa dancing
00548.mp4,country line dancing
01046.mp4,dancing gangnam style
02059.mp4,salsa dancing
01413.mp4,jumpstyle dancing
01897.mp4,robot dancing
01480.mp4,jumpstyle dancing
01089.mp4,dancing gangnam style
01777.mp4,mosh pit dancing
00598.mp4,country line dancing
01156.mp4,dancing gangnam style
02440.mp4,swing dancing
00004.mp4,belly dancing
00722.mp4,dancing ballet
02206.mp4,square dancing
02439.mp4,swing dancing
02345.mp4,square dancing
01732.mp4,mosh pit dancing
02014.mp4,salsa dancing
00185.mp4,belly dancing
01285.mp4,dancing macarena
02646.mp4,tango dancing
01076.mp4,dancing gangnam style
01854.mp4,robot dancing
02872.mp4,tap dancing
02366.mp4,square dancing
01815.mp4,robot dancing
01910.mp4,robot dancing
01503.mp4,jumpstyle dancing
02205.mp4,square dancing
01239.mp4,dancing macarena
01759.mp4,mosh pit dancing
01873.mp4,robot dancing
00822.mp4,dancing charleston
00228.mp4,breakdancing
02847.mp4,tap dancing
01410.mp4,jumpstyle dancing
01918.mp4,robot dancing
02516.mp4,swing dancing
01992.mp4,robot dancing
01974.mp4,robot dancing
01620.mp4,mosh pit dancing
00231.mp4,breakdancing
00389.mp4,breakdancing
00012.mp4,belly dancing
02105.mp4,salsa dancing
02475.mp4,swing dancing
00969.mp4,dancing charleston
00615.mp4,dancing ballet
01690.mp4,mosh pit dancing
01534.mp4,jumpstyle dancing
02361.mp4,square dancing
01887.mp4,robot dancing
01560.mp4,jumpstyle dancing
00058.mp4,belly dancing
01946.mp4,robot dancing
00726.mp4,dancing ballet
02132.mp4,salsa dancing
01548.mp4,jumpstyle dancing
02529.mp4,swing dancing
01320.mp4,dancing macarena
01361.mp4,dancing macarena
01907.mp4,robot dancing
02753.mp4,tango dancing
00498.mp4,country line dancing
00051.mp4,belly dancing
00508.mp4,country line dancing
01517.mp4,jumpstyle dancing
02193.mp4,salsa dancing
02892.mp4,tap dancing
01637.mp4,mosh pit dancing
01148.mp4,dancing gangnam style
01909.mp4,robot dancing
01852.mp4,robot dancing
02092.mp4,salsa dancing
01911.mp4,robot dancing
00528.mp4,country line dancing
00943.mp4,dancing charleston
02828.mp4,tap dancing
01591.mp4,jumpstyle dancing
01898.mp4,robot dancing
01568.mp4,jumpstyle dancing
00181.mp4,belly dancing
02316.mp4,square dancing
01940.mp4,robot dancing
00115.mp4,belly dancing
00144.mp4,belly dancing
01049.mp4,dancing gangnam style
00551.mp4,country line dancing
02651.mp4,tango dancing
01116.mp4,dancing gangnam style
02639.mp4,tango dancing
01995.mp4,robot dancing
02986.mp4,tap dancing
00227.mp4,breakdancing
01452.mp4,jumpstyle dancing
02837.mp4,tap dancing
01792.mp4,mosh pit dancing
02443.mp4,swing dancing
00289.mp4,breakdancing
01273.mp4,dancing macarena
00159.mp4,belly dancing
01699.mp4,mosh pit dancing
00676.mp4,dancing ballet
00506.mp4,country line dancing
00846.mp4,dancing charleston
02687.mp4,tango dancing
00744.mp4,dancing ballet
02357.mp4,square dancing
01963.mp4,robot dancing
01572.mp4,jumpstyle dancing
02682.mp4,tango dancing
02125.mp4,salsa dancing
00478.mp4,country line dancing
00811.mp4,dancing charleston
01717.mp4,mosh pit dancing
01787.mp4,mosh pit dancing
00593.mp4,country line dancing
00084.mp4,belly dancing
01573.mp4,jumpstyle dancing
01301.mp4,dancing macarena
01763.mp4,mosh pit dancing
01171.mp4,dancing gangnam style
02490.mp4,swing dancing
00125.mp4,belly dancing
01203.mp4,dancing macarena
00612.mp4,dancing ballet
02453.mp4,swing dancing
02020.mp4,salsa dancing
02287.mp4,square dancing
00978.mp4,dancing charleston
02154.mp4,salsa dancing
02689.mp4,tango dancing
02444.mp4,swing dancing
01860.mp4,robot dancing
01632.mp4,mosh pit dancing
01017.mp4,dancing gangnam style
00328.mp4,breakdancing
02428.mp4,swing dancing
02971.mp4,tap dancing
00489.mp4,country line dancing
02251.mp4,square dancing
01639.mp4,mosh pit dancing
01638.mp4,mosh pit dancing
02061.mp4,salsa dancing
02641.mp4,tango dancing
00240.mp4,breakdancing
01878.mp4,robot dancing
01754.mp4,mosh pit dancing
00854.mp4,dancing charleston
02407.mp4,swing dancing
02676.mp4,tango dancing
00703.mp4,dancing ballet
01855.mp4,robot dancing
01535.mp4,jumpstyle dancing
00268.mp4,breakdancing
00516.mp4,country line dancing
02167.mp4,salsa dancing
02390.mp4,square dancing
00979.mp4,dancing charleston
01804.mp4,robot dancing
01662.mp4,mosh pit dancing
01191.mp4,dancing gangnam style
01020.mp4,dancing gangnam style
02665.mp4,tango dancing
02282.mp4,square dancing
01892.mp4,robot dancing
01294.mp4,dancing macarena
00754.mp4,dancing ballet
02464.mp4,swing dancing
02945.mp4,tap dancing
01282.mp4,dancing macarena
01836.mp4,robot dancing
00803.mp4,dancing charleston
01616.mp4,mosh pit dancing
02433.mp4,swing dancing
01525.mp4,jumpstyle dancing
01962.mp4,robot dancing
00581.mp4,country line dancing
02049.mp4,salsa dancing
02494.mp4,swing dancing
02975.mp4,tap dancing
02236.mp4,square dancing
02612.mp4,tango dancing
01149.mp4,dancing gangnam style
01010.mp4,dancing gangnam style
00787.mp4,dancing ballet
01522.mp4,jumpstyle dancing
01737.mp4,mosh pit dancing
01389.mp4,dancing macarena
01671.mp4,mosh pit dancing
02691.mp4,tango dancing
02979.mp4,tap dancing
00009.mp4,belly dancing
01668.mp4,mosh pit dancing
02846.mp4,tap dancing
02317.mp4,square dancing
01264.mp4,dancing macarena
00689.mp4,dancing ballet
00825.mp4,dancing charleston
02253.mp4,square dancing
01624.mp4,mosh pit dancing
01937.mp4,robot dancing
00153.mp4,belly dancing
01205.mp4,dancing macarena
01900.mp4,robot dancing
02817.mp4,tap dancing
01491.mp4,jumpstyle dancing
02398.mp4,square dancing
01023.mp4,dancing gangnam style
01896.mp4,robot dancing
00861.mp4,dancing charleston
01075.mp4,dancing gangnam style
00383.mp4,breakdancing
00414.mp4,country line dancing
02376.mp4,square dancing
00502.mp4,country line dancing
02670.mp4,tango dancing
00517.mp4,country line dancing
02298.mp4,square dancing
01341.mp4,dancing macarena
02757.mp4,tango dancing
00447.mp4,country line dancing
00903.mp4,dancing charleston
01702.mp4,mosh pit dancing
01676.mp4,mosh pit dancing
01939.mp4,robot dancing
02331.mp4,square dancing
02408.mp4,swing dancing
02140.mp4,salsa dancing
00899.mp4,dancing charleston
01127.mp4,dancing gangnam style
01969.mp4,robot dancing
01297.mp4,dancing macarena
01154.mp4,dancing gangnam style
00072.mp4,belly dancing
00603.mp4,dancing ballet
02501.mp4,swing dancing
02022.mp4,salsa dancing
01094.mp4,dancing gangnam style
00322.mp4,breakdancing
02809.mp4,tap dancing
02374.mp4,square dancing
02245.mp4,square dancing
01592.mp4,jumpstyle dancing
01349.mp4,dancing macarena
00465.mp4,country line dancing
02950.mp4,tap dancing
00334.mp4,breakdancing
01087.mp4,dancing gangnam style
00988.mp4,dancing charleston
00030.mp4,belly dancing
01018.mp4,dancing gangnam style
02663.mp4,tango dancing
00515.mp4,country line dancing
02429.mp4,swing dancing
00222.mp4,breakdancing
00789.mp4,dancing ballet
02240.mp4,square dancing
02618.mp4,tango dancing
02415.mp4,swing dancing
00823.mp4,dancing charleston
01977.mp4,robot dancing
00138.mp4,belly dancing
00817.mp4,dancing charleston
00795.mp4,dancing ballet
02515.mp4,swing dancing
00377.mp4,breakdancing
00620.mp4,dancing ballet
00505.mp4,country line dancing
00599.mp4,country line dancing
02829.mp4,tap dancing
01598.mp4,jumpstyle dancing
00657.mp4,dancing ballet
01179.mp4,dancing gangnam style
00631.mp4,dancing ballet
01254.mp4,dancing macarena
01827.mp4,robot dancing
01682.mp4,mosh pit dancing
02198.mp4,salsa dancing
02678.mp4,tango dancing
00769.mp4,dancing ballet
02177.mp4,salsa dancing
01552.mp4,jumpstyle dancing
02047.mp4,salsa dancing
02207.mp4,square dancing
02017.mp4,salsa dancing
01430.mp4,jumpstyle dancing
00723.mp4,dancing ballet
02115.mp4,salsa dancing
01130.mp4,dancing gangnam style
01625.mp4,mosh pit dancing
01691.mp4,mosh pit dancing
00665.mp4,dancing ballet
01578.mp4,jumpstyle dancing
00148.mp4,belly dancing
01922.mp4,robot dancing
00249.mp4,breakdancing
00524.mp4,country line dancing
02183.mp4,salsa dancing
01043.mp4,dancing gangnam style
02849.mp4,tap dancing
00189.mp4,belly dancing
02864.mp4,tap dancing
00897.mp4,dancing charleston
00454.mp4,country line dancing
02367.mp4,square dancing
00279.mp4,breakdancing
02811.mp4,tap dancing
01807.mp4,robot dancing
00853.mp4,dancing charleston
01343.mp4,dancing macarena
02871.mp4,tap dancing
00569.mp4,country line dancing
02122.mp4,salsa dancing
01953.mp4,robot dancing
01115.mp4,dancing gangnam style
00847.mp4,dancing charleston
02216.mp4,square dancing
01473.mp4,jumpstyle dancing
01545.mp4,jumpstyle dancing
02905.mp4,tap dancing
01258.mp4,dancing macarena
00276.mp4,breakdancing
01916.mp4,robot dancing
01289.mp4,dancing macarena
01230.mp4,dancing macarena
00062.mp4,belly dancing
02701.mp4,tango dancing
00834.mp4,dancing charleston
00386.mp4,breakdancing
02279.mp4,square dancing
02930.mp4,tap dancing
00672.mp4,dancing ballet
00343.mp4,breakdancing
02271.mp4,square dancing
01169.mp4,dancing gangnam style
01044.mp4,dancing gangnam style
00706.mp4,dancing ballet
02332.mp4,square dancing
02285.mp4,square dancing
00878.mp4,dancing charleston
00920.mp4,dancing charleston
02777.mp4,tango dancing
00582.mp4,country line dancing
00354.mp4,breakdancing
01663.mp4,mosh pit dancing
02156.mp4,salsa dancing
01741.mp4,mosh pit dancing
00349.mp4,breakdancing
01608.mp4,mosh pit dancing
02949.mp4,tap dancing
02928.mp4,tap dancing
00925.mp4,dancing charleston
00640.mp4,dancing ballet
02690.mp4,tango dancing
01367.mp4,dancing macarena
02283.mp4,square dancing
02034.mp4,salsa dancing
00648.mp4,dancing ballet
01665.mp4,mosh pit dancing
00396.mp4,breakdancing
02873.mp4,tap dancing
02733.mp4,tango dancing
00302.mp4,breakdancing
00951.mp4,dancing charleston
01052.mp4,dancing gangnam style
01303.mp4,dancing macarena
00128.mp4,belly dancing
02350.mp4,square dancing
00250.mp4,breakdancing
00680.mp4,dancing ballet
02577.mp4,swing dancing
02763.mp4,tango dancing
00220.mp4,breakdancing
02610.mp4,tango dancing
00702.mp4,dancing ballet
02243.mp4,square dancing
00398.mp4,breakdancing
01344.mp4,dancing macarena
01025.mp4,dancing gangnam style
02280.mp4,square dancing
02352.mp4,square dancing
01332.mp4,dancing macarena
00879.mp4,dancing charleston
02210.mp4,square dancing
02575.mp4,swing dancing
02841.mp4,tap dancing
01798.mp4,mosh pit dancing
00267.mp4,breakdancing
01248.mp4,dancing macarena
01484.mp4,jumpstyle dancing
02594.mp4,swing dancing
00557.mp4,country line dancing
02619.mp4,tango dancing
02025.mp4,salsa dancing
00175.mp4,belly dancing
02822.mp4,tap dancing
01378.mp4,dancing macarena
02785.mp4,tango dancing
01788.mp4,mosh pit dancing
00299.mp4,breakdancing
01948.mp4,robot dancing
01505.mp4,jumpstyle dancing
02148.mp4,salsa dancing
02045.mp4,salsa dancing
02291.mp4,square dancing
01232.mp4,dancing macarena
02640.mp4,tango dancing
02275.mp4,square dancing
02952.mp4,tap dancing
02249.mp4,square dancing
02653.mp4,tango dancing
01820.mp4,robot dancing
02524.mp4,swing dancing
02423.mp4,swing dancing
00882.mp4,dancing charleston
01872.mp4,robot dancing
00310.mp4,breakdancing
01186.mp4,dancing gangnam style
02985.mp4,tap dancing
00887.mp4,dancing charleston
02708.mp4,tango dancing
02738.mp4,tango dancing
01348.mp4,dancing macarena
02327.mp4,square dancing
00535.mp4,country line dancing
00197.mp4,belly dancing
00247.mp4,breakdancing
01565.mp4,jumpstyle dancing
01350.mp4,dancing macarena
02570.mp4,swing dancing
01707.mp4,mosh pit dancing
00202.mp4,breakdancing
00915.mp4,dancing charleston
01455.mp4,jumpstyle dancing
02500.mp4,swing dancing
00848.mp4,dancing charleston
02057.mp4,salsa dancing
01483.mp4,jumpstyle dancing
01113.mp4,dancing gangnam style
00885.mp4,dancing charleston
00712.mp4,dancing ballet
02764.mp4,tango dancing
02273.mp4,square dancing
01451.mp4,jumpstyle dancing
00225.mp4,breakdancing
02018.mp4,salsa dancing
00870.mp4,dancing charleston
01253.mp4,dancing macarena
00807.mp4,dancing charleston
01403.mp4,jumpstyle dancing
02684.mp4,tango dancing
01736.mp4,mosh pit dancing
00385.mp4,breakdancing
01321.mp4,dancing macarena
00739.mp4,dancing ballet
00036.mp4,belly dancing
02563.mp4,swing dancing
00390.mp4,breakdancing
01333.mp4,dancing macarena
00462.mp4,country line dancing
01080.mp4,dancing gangnam style
01006.mp4,dancing gangnam style
02900.mp4,tap dancing
01848.mp4,robot dancing
02075.mp4,salsa dancing
00799.mp4,dancing ballet
01099.mp4,dancing gangnam style
02893.mp4,tap dancing
01633.mp4,mosh pit dancing
02592.mp4,swing dancing
02659.mp4,tango dancing
00907.mp4,dancing charleston
01379.mp4,dancing macarena
00909.mp4,dancing charleston
01561.mp4,jumpstyle dancing
00677.mp4,dancing ballet
02815.mp4,tap dancing
01958.mp4,robot dancing
02359.mp4,square dancing
00609.mp4,dancing ballet
00173.mp4,belly dancing
00388.mp4,breakdancing
00607.mp4,dancing ballet
01108.mp4,dancing gangnam style
00521.mp4,country line dancing
01161.mp4,dancing gangnam style
02069.mp4,salsa dancing
02313.mp4,square dancing
00479.mp4,country line dancing
00992.mp4,dancing charleston
02800.mp4,tap dancing
00974.mp4,dancing charleston
01002.mp4,dancing gangnam style
02963.mp4,tap dancing
01462.mp4,jumpstyle dancing
02981.mp4,tap dancing
02496.mp4,swing dancing
01606.mp4,mosh pit dancing
00193.mp4,belly dancing
00651.mp4,dancing ballet
01365.mp4,dancing macarena
01544.mp4,jumpstyle dancing
00045.mp4,belly dancing
00942.mp4,dancing charleston
01490.mp4,jumpstyle dancing
02442.mp4,swing dancing
01093.mp4,dancing gangnam style
00829.mp4,dancing charleston
00884.mp4,dancing charleston
02814.mp4,tap dancing
02683.mp4,tango dancing
02921.mp4,tap dancing
00429.mp4,country line dancing
00252.mp4,breakdancing
01272.mp4,dancing macarena
01494.mp4,jumpstyle dancing
00560.mp4,country line dancing
02547.mp4,swing dancing
00796.mp4,dancing ballet
02707.mp4,tango dancing
00463.mp4,country line dancing
00191.mp4,belly dancing
01292.mp4,dancing macarena
00953.mp4,dancing charleston
00344.mp4,breakdancing
00995.mp4,dancing charleston
00981.mp4,dancing charleston
01890.mp4,robot dancing
00536.mp4,country line dancing
00932.mp4,dancing charleston
01400.mp4,jumpstyle dancing
00962.mp4,dancing charleston
00788.mp4,dancing ballet
01604.mp4,mosh pit dancing
00049.mp4,belly dancing
02299.mp4,square dancing
02460.mp4,swing dancing
02519.mp4,swing dancing
01767.mp4,mosh pit dancing
00022.mp4,belly dancing
02142.mp4,salsa dancing
02942.mp4,tap dancing
02539.mp4,swing dancing
01054.mp4,dancing gangnam style
00956.mp4,dancing charleston
02290.mp4,square dancing
02032.mp4,salsa dancing
01235.mp4,dancing macarena
00671.mp4,dancing ballet
00353.mp4,breakdancing
00775.mp4,dancing ballet
02810.mp4,tap dancing
01357.mp4,dancing macarena
00074.mp4,belly dancing
01975.mp4,robot dancing
00857.mp4,dancing charleston
00868.mp4,dancing charleston
00440.mp4,country line dancing
02590.mp4,swing dancing
02732.mp4,tango dancing
00533.mp4,country line dancing
01501.mp4,jumpstyle dancing
00707.mp4,dancing ballet
01250.mp4,dancing macarena
02881.mp4,tap dancing
01647.mp4,mosh pit dancing
02321.mp4,square dancing
02840.mp4,tap dancing
00724.mp4,dancing ballet
00570.mp4,country line dancing
01144.mp4,dancing gangnam style
00503.mp4,country line dancing
00402.mp4,country line dancing
01212.mp4,dancing macarena
01621.mp4,mosh pit dancing
01590.mp4,jumpstyle dancing
02805.mp4,tap dancing
02595.mp4,swing dancing
00331.mp4,breakdancing
02935.mp4,tap dancing
00213.mp4,breakdancing
01238.mp4,dancing macarena
00669.mp4,dancing ballet
02288.mp4,square dancing
00356.mp4,breakdancing
01298.mp4,dancing macarena
02101.mp4,salsa dancing
01764.mp4,mosh pit dancing
01617.mp4,mosh pit dancing
02884.mp4,tap dancing
01819.mp4,robot dancing
00980.mp4,dancing charleston
02413.mp4,swing dancing
02128.mp4,salsa dancing
02807.mp4,tap dancing
00317.mp4,breakdancing
02242.mp4,square dancing
02139.mp4,salsa dancing
01396.mp4,dancing macarena
00391.mp4,breakdancing
00927.mp4,dancing charleston
02760.mp4,tango dancing
01136.mp4,dancing gangnam style
02348.mp4,square dancing
00985.mp4,dancing charleston
00369.mp4,breakdancing
02301.mp4,square dancing
02232.mp4,square dancing
01266.mp4,dancing macarena
00873.mp4,dancing charleston
00365.mp4,breakdancing
02262.mp4,square dancing
00395.mp4,breakdancing
01208.mp4,dancing macarena
02964.mp4,tap dancing
01994.mp4,robot dancing
02671.mp4,tango dancing
00827.mp4,dancing charleston
01351.mp4,dancing macarena
02030.mp4,salsa dancing
01245.mp4,dancing macarena
01032.mp4,dancing gangnam style
00912.mp4,dancing charleston
02750.mp4,tango dancing
02289.mp4,square dancing
02293.mp4,square dancing
02237.mp4,square dancing
02468.mp4,swing dancing
01884.mp4,robot dancing
02774.mp4,tango dancing
01715.mp4,mosh pit dancing
01050.mp4,dancing gangnam style
00893.mp4,dancing charleston
01808.mp4,robot dancing
01133.mp4,dancing gangnam style
00967.mp4,dancing charleston
01224.mp4,dancing macarena
01583.mp4,jumpstyle dancing
01915.mp4,robot dancing
01019.mp4,dancing gangnam style
00919.mp4,dancing charleston
02382.mp4,square dancing
02203.mp4,square dancing
02265.mp4,square dancing
00580.mp4,country line dancing
00201.mp4,breakdancing
01120.mp4,dancing gangnam style
01547.mp4,jumpstyle dancing
01392.mp4,dancing macarena
00013.mp4,belly dancing
01902.mp4,robot dancing
02974.mp4,tap dancing
01399.mp4,dancing macarena
01984.mp4,robot dancing
00921.mp4,dancing charleston
02006.mp4,salsa dancing
01109.mp4,dancing gangnam style
02721.mp4,tango dancing
01083.mp4,dancing gangnam style
02503.mp4,swing dancing
02914.mp4,tap dancing
02292.mp4,square dancing
02277.mp4,square dancing
01283.mp4,dancing macarena
00080.mp4,belly dancing
02802.mp4,tap dancing
02311.mp4,square dancing
02598.mp4,swing dancing
02962.mp4,tap dancing
01086.mp4,dancing gangnam style
01849.mp4,robot dancing
02499.mp4,swing dancing
00194.mp4,belly dancing
00033.mp4,belly dancing
02758.mp4,tango dancing
00054.mp4,belly dancing
02329.mp4,square dancing
02675.mp4,tango dancing
01563.mp4,jumpstyle dancing
00816.mp4,dancing charleston
01771.mp4,mosh pit dancing
00341.mp4,breakdancing
00433.mp4,country line dancing
00259.mp4,breakdancing
01678.mp4,mosh pit dancing
01402.mp4,jumpstyle dancing
01299.mp4,dancing macarena
01921.mp4,robot dancing
02384.mp4,square dancing
00624.mp4,dancing ballet
01045.mp4,dancing gangnam style
01657.mp4,mosh pit dancing
02307.mp4,square dancing
01151.mp4,dancing gangnam style
01796.mp4,mosh pit dancing
00733.mp4,dancing ballet
02821.mp4,tap dancing
02673.mp4,tango dancing
02655.mp4,tango dancing
01867.mp4,robot dancing
01038.mp4,dancing gangnam style
02394.mp4,square dancing
00780.mp4,dancing ballet
02470.mp4,swing dancing
01215.mp4,dancing macarena
01319.mp4,dancing macarena
01704.mp4,mosh pit dancing
01412.mp4,jumpstyle dancing
01926.mp4,robot dancing
00602.mp4,dancing ballet
01555.mp4,jumpstyle dancing
01740.mp4,mosh pit dancing
02824.mp4,tap dancing
00584.mp4,country line dancing
00277.mp4,breakdancing
01960.mp4,robot dancing
01366.mp4,dancing macarena
00161.mp4,belly dancing
01776.mp4,mosh pit dancing
00283.mp4,breakdancing
02859.mp4,tap dancing
02389.mp4,square dancing
00285.mp4,breakdancing
02448.mp4,swing dancing
01040.mp4,dancing gangnam style
01241.mp4,dancing macarena
02482.mp4,swing dancing
01594.mp4,jumpstyle dancing
02462.mp4,swing dancing
00458.mp4,country line dancing
02133.mp4,salsa dancing
00764.mp4,dancing ballet
01646.mp4,mosh pit dancing
00751.mp4,dancing ballet
00843.mp4,dancing charleston
01688.mp4,mosh pit dancing
02740.mp4,tango dancing
02555.mp4,swing dancing
01323.mp4,dancing macarena
01550.mp4,jumpstyle dancing
00384.mp4,breakdancing
01218.mp4,dancing macarena
00088.mp4,belly dancing
00212.mp4,breakdancing
00554.mp4,country line dancing
01228.mp4,dancing macarena
02806.mp4,tap dancing
02037.mp4,salsa dancing
01689.mp4,mosh pit dancing
00312.mp4,breakdancing
01510.mp4,jumpstyle dancing
00782.mp4,dancing ballet
02441.mp4,swing dancing
01677.mp4,mosh pit dancing
01989.mp4,robot dancing
02660.mp4,tango dancing
00077.mp4,belly dancing
01071.mp4,dancing gangnam style
01549.mp4,jumpstyle dancing
02718.mp4,tango dancing
01586.mp4,jumpstyle dancing
01457.mp4,jumpstyle dancing
02521.mp4,swing dancing
00849.mp4,dancing charleston
01546.mp4,jumpstyle dancing
01966.mp4,robot dancing
02023.mp4,salsa dancing
02182.mp4,salsa dancing
02230.mp4,square dancing
01487.mp4,jumpstyle dancing
00319.mp4,breakdancing
01507.mp4,jumpstyle dancing
00802.mp4,dancing charleston
00530.mp4,country line dancing
00824.mp4,dancing charleston
00316.mp4,breakdancing
02654.mp4,tango dancing
01256.mp4,dancing macarena
00790.mp4,dancing ballet
01956.mp4,robot dancing
01458.mp4,jumpstyle dancing
00010.mp4,belly dancing
01376.mp4,dancing macarena
01409.mp4,jumpstyle dancing
01375.mp4,dancing macarena
02510.mp4,swing dancing
00324.mp4,breakdancing
02685.mp4,tango dancing
02993.mp4,tap dancing
02922.mp4,tap dancing
00626.mp4,dancing ballet
02648.mp4,tango dancing
01398.mp4,dancing macarena
01650.mp4,mosh pit dancing
02710.mp4,tango dancing
01524.mp4,jumpstyle dancing
02953.mp4,tap dancing
02487.mp4,swing dancing
02782.mp4,tango dancing
02835.mp4,tap dancing
02303.mp4,square dancing
02354.mp4,square dancing
01705.mp4,mosh pit dancing
00486.mp4,country line dancing
00076.mp4,belly dancing
01696.mp4,mosh pit dancing
01772.mp4,mosh pit dancing
01611.mp4,mosh pit dancing
01904.mp4,robot dancing
01985.mp4,robot dancing
00111.mp4,belly dancing
01421.mp4,jumpstyle dancing
00543.mp4,country line dancing
00014.mp4,belly dancing
00196.mp4,belly dancing
02225.mp4,square dancing
02878.mp4,tap dancing
00734.mp4,dancing ballet
01193.mp4,dancing gangnam style
01934.mp4,robot dancing
02473.mp4,swing dancing
00785.mp4,dancing ballet
02246.mp4,square dancing
00215.mp4,breakdancing
00616.mp4,dancing ballet
01519.mp4,jumpstyle dancing
00186.mp4,belly dancing
02024.mp4,salsa dancing
02918.mp4,tap dancing
02373.mp4,square dancing
02256.mp4,square dancing
00348.mp4,breakdancing
02781.mp4,tango dancing
02615.mp4,tango dancing
00208.mp4,breakdancing
00757.mp4,dancing ballet
02629.mp4,tango dancing
02038.mp4,salsa dancing
02567.mp4,swing dancing
02571.mp4,swing dancing
01336.mp4,dancing macarena
00670.mp4,dancing ballet
01955.mp4,robot dancing
00303.mp4,breakdancing
00971.mp4,dancing charleston
00991.mp4,dancing charleston
00313.mp4,breakdancing
00340.mp4,breakdancing
02420.mp4,swing dancing
00382.mp4,breakdancing
00959.mp4,dancing charleston
00982.mp4,dancing charleston
02894.mp4,tap dancing
01979.mp4,robot dancing
00485.mp4,country line dancing
02201.mp4,square dancing
00855.mp4,dancing charleston
01408.mp4,jumpstyle dancing
01806.mp4,robot dancing
02649.mp4,tango dancing
02337.mp4,square dancing
01214.mp4,dancing macarena
01793.mp4,mosh pit dancing
01001.mp4,dancing gangnam style
02816.mp4,tap dancing
00057.mp4,belly dancing
02344.mp4,square dancing
01649.mp4,mosh pit dancing
02247.mp4,square dancing
00178.mp4,belly dancing
01324.mp4,dancing macarena
00015.mp4,belly dancing
00924.mp4,dancing charleston
02694.mp4,tango dancing
02666.mp4,tango dancing
01667.mp4,mosh pit dancing
02436.mp4,swing dancing
00435.mp4,country line dancing
01192.mp4,dancing gangnam style
02238.mp4,square dancing
01202.mp4,dancing macarena
02896.mp4,tap dancing
02832.mp4,tap dancing
02481.mp4,swing dancing
00688.mp4,dancing ballet
02284.mp4,square dancing
02889.mp4,tap dancing
01847.mp4,robot dancing
01362.mp4,dancing macarena
00326.mp4,breakdancing
01029.mp4,dancing gangnam style
00654.mp4,dancing ballet
00777.mp4,dancing ballet
01623.mp4,mosh pit dancing
01371.mp4,dancing macarena
02992.mp4,tap dancing
01851.mp4,robot dancing
00542.mp4,country line dancing
00311.mp4,breakdancing
02281.mp4,square dancing
01157.mp4,dancing gangnam style
00408.mp4,country line dancing
01015.mp4,dancing gangnam style
02051.mp4,salsa dancing
02622.mp4,tango dancing
00945.mp4,dancing charleston
02263.mp4,square dancing
02982.mp4,tap dancing
02546.mp4,swing dancing
00418.mp4,country line dancing
01167.mp4,dancing gangnam style
02804.mp4,tap dancing
00096.mp4,belly dancing
00452.mp4,country line dancing
00264.mp4,breakdancing
00275.mp4,breakdancing
02267.mp4,square dancing
02388.mp4,square dancing
01101.mp4,dancing gangnam style
01857.mp4,robot dancing
02455.mp4,swing dancing
02302.mp4,square dancing
01326.mp4,dancing macarena
01342.mp4,dancing macarena
00721.mp4,dancing ballet
01328.mp4,dancing macarena
00539.mp4,country line dancing
01355.mp4,dancing macarena
00510.mp4,country line dancing
02906.mp4,tap dancing
02254.mp4,square dancing
01713.mp4,mosh pit dancing
01938.mp4,robot dancing
01640.mp4,mosh pit dancing
00576.mp4,country line dancing
01530.mp4,jumpstyle dancing
02364.mp4,square dancing
02204.mp4,square dancing
00169.mp4,belly dancing
01912.mp4,robot dancing
00753.mp4,dancing ballet
01861.mp4,robot dancing
00591.mp4,country line dancing
01024.mp4,dancing gangnam style
01656.mp4,mosh pit dancing
00798.mp4,dancing ballet
02043.mp4,salsa dancing
00946.mp4,dancing charleston
00729.mp4,dancing ballet
00649.mp4,dancing ballet
01844.mp4,robot dancing
01739.mp4,mosh pit dancing
02876.mp4,tap dancing
00786.mp4,dancing ballet
02342.mp4,square dancing
01686.mp4,mosh pit dancing
00473.mp4,country line dancing
02877.mp4,tap dancing
02941.mp4,tap dancing
02808.mp4,tap dancing
00248.mp4,breakdancing
00218.mp4,breakdancing
02219.mp4,square dancing
01485.mp4,jumpstyle dancing
00820.mp4,dancing charleston
02173.mp4,salsa dancing
00540.mp4,country line dancing
02145.mp4,salsa dancing
02244.mp4,square dancing
01925.mp4,robot dancing
02919.mp4,tap dancing
02957.mp4,tap dancing
02054.mp4,salsa dancing
01615.mp4,mosh pit dancing
01073.mp4,dancing gangnam style
01526.mp4,jumpstyle dancing
00048.mp4,belly dancing
00047.mp4,belly dancing
00663.mp4,dancing ballet
01243.mp4,dancing macarena
02056.mp4,salsa dancing
00908.mp4,dancing charleston
00701.mp4,dancing ballet
01680.mp4,mosh pit dancing
01345.mp4,dancing macarena
02674.mp4,tango dancing
01307.mp4,dancing macarena
02650.mp4,tango dancing
00113.mp4,belly dancing
01325.mp4,dancing macarena
00242.mp4,breakdancing
01036.mp4,dancing gangnam style
02669.mp4,tango dancing
01178.mp4,dancing gangnam style
01048.mp4,dancing gangnam style
01164.mp4,dancing gangnam style
01103.mp4,dancing gangnam style
01923.mp4,robot dancing
01181.mp4,dancing gangnam style
00226.mp4,breakdancing
02984.mp4,tap dancing
02569.mp4,swing dancing
02860.mp4,tap dancing
01417.mp4,jumpstyle dancing
01531.mp4,jumpstyle dancing
00066.mp4,belly dancing
02312.mp4,square dancing
00859.mp4,dancing charleston
01709.mp4,mosh pit dancing
00141.mp4,belly dancing
00730.mp4,dancing ballet
00449.mp4,country line dancing
01799.mp4,mosh pit dancing
00158.mp4,belly dancing
00357.mp4,breakdancing
00092.mp4,belly dancing
00832.mp4,dancing charleston
00401.mp4,country line dancing
02861.mp4,tap dancing
00131.mp4,belly dancing
00930.mp4,dancing charleston
02174.mp4,salsa dancing
02761.mp4,tango dancing
02124.mp4,salsa dancing
02557.mp4,swing dancing
02430.mp4,swing dancing
01681.mp4,mosh pit dancing
01134.mp4,dancing gangnam style
00931.mp4,dancing charleston
02435.mp4,swing dancing
00815.mp4,dancing charleston
02209.mp4,square dancing
00618.mp4,dancing ballet
02410.mp4,swing dancing
00819.mp4,dancing charleston
00232.mp4,breakdancing
02565.mp4,swing dancing
02634.mp4,tango dancing
01172.mp4,dancing gangnam style
01066.mp4,dancing gangnam style
00776.mp4,dancing ballet
00762.mp4,dancing ballet
02886.mp4,tap dancing
00886.mp4,dancing charleston
00204.mp4,breakdancing
02882.mp4,tap dancing
00309.mp4,breakdancing
02991.mp4,tap dancing
01287.mp4,dancing macarena
02197.mp4,salsa dancing
02667.mp4,tango dancing
01139.mp4,dancing gangnam style
02897.mp4,tap dancing
00436.mp4,country line dancing
01778.mp4,mosh pit dancing
00713.mp4,dancing ballet
02902.mp4,tap dancing
02465.mp4,swing dancing
02397.mp4,square dancing
02842.mp4,tap dancing
01183.mp4,dancing gangnam style
02347.mp4,square dancing
02004.mp4,salsa dancing
00756.mp4,dancing ballet
00003.mp4,belly dancing
00715.mp4,dancing ballet
02920.mp4,tap dancing
01145.mp4,dancing gangnam style
01837.mp4,robot dancing
01987.mp4,robot dancing
02370.mp4,square dancing
02363.mp4,square dancing
02514.mp4,swing dancing
00837.mp4,dancing charleston
00490.mp4,country line dancing
01244.mp4,dancing macarena
00263.mp4,breakdancing
01683.mp4,mosh pit dancing
01990.mp4,robot dancing
00206.mp4,breakdancing
01493.mp4,jumpstyle dancing
01204.mp4,dancing macarena
00605.mp4,dancing ballet
02029.mp4,salsa dancing
01496.mp4,jumpstyle dancing
02611.mp4,tango dancing
01645.mp4,mosh pit dancing
00977.mp4,dancing charleston
00810.mp4,dancing charleston
02693.mp4,tango dancing
02118.mp4,salsa dancing
01445.mp4,jumpstyle dancing
00290.mp4,breakdancing
00172.mp4,belly dancing
02743.mp4,tango dancing
00470.mp4,country line dancing
02483.mp4,swing dancing
02305.mp4,square dancing
01090.mp4,dancing gangnam style
00771.mp4,dancing ballet
00126.mp4,belly dancing
00073.mp4,belly dancing
02767.mp4,tango dancing
02229.mp4,square dancing
00719.mp4,dancing ballet
01249.mp4,dancing macarena
02325.mp4,square dancing
01438.mp4,jumpstyle dancing
02657.mp4,tango dancing
00293.mp4,breakdancing
01098.mp4,dancing gangnam style
01719.mp4,mosh pit dancing
02486.mp4,swing dancing
00143.mp4,belly dancing
00338.mp4,breakdancing
01876.mp4,robot dancing
01037.mp4,dancing gangnam style
02630.mp4,tango dancing
02272.mp4,square dancing
00269.mp4,breakdancing
02955.mp4,tap dancing
02424.mp4,swing dancing
00065.mp4,belly dancing
02060.mp4,salsa dancing
00437.mp4,country line dancing
00055.mp4,belly dancing
